room_type,n,MAE,RMSE
Private room,274,28.91272331224479,44.18715664856395
Shared room,14,111.92484723701374,151.61311684838805
Entire home/apt,429,83.7419089789967,222.7488800924271
