split,MAE,RMSE,R2
train_val,44.01432398756344,89.32061948178176,0.5519057860013954
test,63.33934867623829,175.73324416593388,0.20287307081458072
